id,title,description,seller_name,link,image_link,availability,price,sale_price,brand,gtin,mpn,identifier_exists,condition,product_category,item_group_id,color,size,gender,material,age_group,weight,item_weight_unit,additional_image_link,seller_privacy_policy,seller_tos,return_policy,target_countries,store_country
9429893901,"Kill Bill | Pussy Wagon Keychain","Kill Bill | Pussy Wagon KEYCHAIN From the iconic Tarantino movie, Kill Bill, this Pussy Wagon keychain is the perfect way to keep your keys easy to find and looking good! Measurements:  2.5 in. x 1.75 in. (63 mm x 44 mm) Please note: Colour may show lighter due to screen variances. Actual colour is dark pink.  Officially Licensed Product",Beserk,https://www.beserk.com.au/products/kill-bill-pussy-wagon-keychain?variant=34685839309&country=AU,https://cdn.shopify.com/s/files/1/0836/9167/files/collectables-kill-bill-pussy-wagon-keychain-3.jpg?v=1720533425,in_stock,"14.95 AUD",,"Quentin Tarantino",,BMF-NEC33500A,yes,new,KEYCHAINS,,,,,,,0.055,kg,"https://cdn.shopify.com/s/files/1/0836/9167/files/collectables-kill-bill-pussy-wagon-keychain-1.jpg?v=1720533425,https://cdn.shopify.com/s/files/1/0836/9167/files/collectables-kill-bill-pussy-wagon-keychain-2.jpg?v=1720533423,https://cdn.shopify.com/s/files/1/0836/9167/files/collectables-kill-bill-pussy-wagon-keychain-4.jpg?v=1689541271",https://www.beserk.com.au/pages/privacy-policy,https://www.beserk.com.au/pages/terms-and-conditions,https://www.beserk.com.au/pages/beserk-returns,AU,AU
9429899789,"Pulp Fiction [Brown] | Bad Mother F - Wallet","As used in the Pulp Fiction movie, ""It's the one that says bad mother on it!"". Wanna be like Jules Winnfield (Samuel L Jackson)? Now you can with this wallet. And it also comes with your very own California State Driver's License, in the name of  Jules Winnfield ! On the back is written the infamous fictional bible verse of  Ezekiel 25:17. Colour : Brown Measurements : 117mm x 94mm (4.6"" x 3.7"") Materials: Genuine Leather Officially Licensed Product",Beserk,https://www.beserk.com.au/products/pulp-fiction-bad-mother-f-wallet?variant=34685899917&country=AU,https://cdn.shopify.com/s/files/1/0836/9167/files/collectables-pulp-fiction-brown-bad-mother-f-wallet-1.jpg?v=1689541272,in_stock,"39.95 AUD",,"Quentin Tarantino",,BMF-WALLET-BR,yes,new,BAGS,,,,,,,0.1,kg,"https://cdn.shopify.com/s/files/1/0836/9167/files/collectables-pulp-fiction-brown-bad-mother-f-wallet-2.jpg?v=1689541274,https://cdn.shopify.com/s/files/1/0836/9167/files/collectables-pulp-fiction-brown-bad-mother-f-wallet-3.jpg?v=1689541273,https://cdn.shopify.com/s/files/1/0836/9167/files/collectables-pulp-fiction-brown-bad-mother-f-wallet-4.jpg?v=1689541273,https://cdn.shopify.com/s/files/1/0836/9167/files/collectables-pulp-fiction-brown-bad-mother-f-wallet-5.jpg?v=1689541273,https://cdn.shopify.com/s/files/1/0836/9167/files/collectables-pulp-fiction-brown-bad-mother-f-wallet-6.jpg?v=1689541274",https://www.beserk.com.au/pages/privacy-policy,https://www.beserk.com.au/pages/terms-and-conditions,https://www.beserk.com.au/pages/beserk-returns,AU,AU
9429914317,"Love+ | Pressed Eyeshadow","That impossible-to-find, bright matte red! Not for the faint-hearted. From the Addicted to Pretty collection. Net Weight: 3.5 grams /.12 oz. Please Note:  We recommend that you patch test any new product before its continued usage. If any redness or itching occurs do not continue use.  SUGARPILL",Beserk,https://www.beserk.com.au/products/love-plus-pressed-eyeshadow?variant=34686024269&country=AU,https://cdn.shopify.com/s/files/1/0836/9167/files/Capture_0babfde8-a236-4925-ad4b-20dea75277d5.jpg?v=1703616342,out_of_stock,"22.95 AUD",,Sugarpill,,SPP20,yes,new,MAKEUP,,,,,,,0.025,kg,"https://cdn.shopify.com/s/files/1/0836/9167/files/Capture2_ca6a7953-4d2a-4165-b07f-09daae8277a0.jpg?v=1703616341,https://cdn.shopify.com/s/files/1/0836/9167/files/Capture3_01918448-02fe-4dfb-9948-00bc52aaac01.jpg?v=1703616340",https://www.beserk.com.au/pages/privacy-policy,https://www.beserk.com.au/pages/terms-and-conditions,https://www.beserk.com.au/pages/beserk-returns,AU,AU
9429914765,"Bulletproof | Pressed Eyeshadow","Deepest matte black with extraordinary pigmentation and lasting wear. From the Addicted to Pretty collection. Net Weight: 3.5 grams /.12 oz. 100% Vegan & Cruelty-Free! Please Note:  We recommend that you patch test any new product before its continued usage. If any redness or itching occurs do not continue use.  SUGARPILL",Beserk,https://www.beserk.com.au/products/bulletproof-pressed-eyeshadow?variant=34686024909&country=AU,https://cdn.shopify.com/s/files/1/0836/9167/files/bulletproof-or-pressed-eyeshadow-beserk-all-beserkstaple-black-clickfrenzy15-2023-cosmetics-discountapp-eyes-eyeshadow-eyeshadow-pressed-fp-gothic-halloween-halloween-makeup-labelvega.jpg?v=1687775783,in_stock,"22.95 AUD",,Sugarpill,,SPP25,yes,new,MAKEUP,,,,,,,0.025,kg,https://cdn.shopify.com/s/files/1/0836/9167/files/bulletproof-or-pressed-eyeshadow-beserk-all-beserkstaple-black-clickfrenzy15-2023-cosmetics-discountapp-eyes-eyeshadow-eyeshadow-pressed-fp-gothic-halloween-halloween-makeup-labelvega_be9428b8-a85e-47f5-a09c-b48c04f626ae.jpg?v=1687775785,https://www.beserk.com.au/pages/privacy-policy,https://www.beserk.com.au/pages/terms-and-conditions,https://www.beserk.com.au/pages/beserk-returns,AU,AU
9429934925,"After Midnight | Classic Colour","As a deep and brooding shade of blue, After Midnight resembles the dark sky on a clear and starry night.  After Midnight  is our deepest, darkest blue hair dye with green undertones. This colour can add dark blue highlights to virgin, unbleached hair, but for best results, we recommend lightening hair to a very light level 9 blonde or lighter and toning hair that has yellow tones before use to avoid undesired hues. Cream Formula Semi-Permanent Hair Colour. Vegan Formula colours and conditions hair. Manic Panic Hair Colour is a conditioning semi-permanent hair colour fortified with a herbal & protein complex. It does not damage the hair but actually, has restorative properties adding moisture and ""fill"" to processed hair. Manic Panic contains no animal by-products, is not tested on animals & is 100% Vegan. WEIGHT: 4 fl. oz / 118ml *Photos are from the Manic Panic Website  Please Note: We recommend that you patch test any new product before its continued usage. If any redness or itching occurs do not continue use.  MANIC PANIC  Shop all  Blue Hair Colour",Beserk,https://www.beserk.com.au/products/after-midnight-classic-colour?variant=34686205581&country=AU,https://cdn.shopify.com/s/files/1/0836/9167/files/after-midnight-or-classic-colour-beserk-all-blue-clickfrenzy15-2023-cosmetics-cpgstinc-dark-blue-discountapp-dye-ebaymp-fp-goth-hair-blue-hair-colour-hair-dye-labelvegan-manic-panic-m.jpg?v=1687775797,in_stock,"29.95 AUD",,"Manic Panic",,MP-HCR22001,yes,new,HAIR,,Blue,,,,,0.16,kg,"placeholder",https://www.beserk.com.au/pages/privacy-policy,https://www.beserk.com.au/pages/terms-and-conditions,https://www.beserk.com.au/pages/beserk-returns,AU,AU
6902521561222,"Hello Kitty 3-In-1 Complete | CLEANSING TOWELETTES","towelettes desc",Beserk,https://www.beserk.com.au/products/hello-kitty-3-in-1-complete-cleansing-towelettes?variant=40238536884358&country=AU,https://cdn.shopify.com/s/files/1/0836/9167/files/the-creme-shop-hello-kitty-3-in-1-complete-cleansing-towelettes-1_acfc1f21-6946-4762-8294-1f5a4f0cde34.jpg?v=1695221798,in_stock,"24.95 AUD",,"The Creme Shop",,TCS-HKCT8827-60,yes,new,BODY,,,,,,,0.342,kg,placeholder,https://www.beserk.com.au/pages/privacy-policy,https://www.beserk.com.au/pages/terms-and-conditions,https://www.beserk.com.au/pages/beserk-returns,AU,AU
6902521987206,"Hello Kitty 24/7 Hydration Lock | MOISTURISER","moisturiser desc",Beserk,https://www.beserk.com.au/products/hello-kitty-24-7-hydration-lock-lightweight-moisturiser?variant=40238538129542&country=AU,https://cdn.shopify.com/s/files/1/0836/9167/files/the-creme-shop-hello-kitty-24-7-hydration-lock-lightweight-moisturizer-1_7f115b04-b329-40c5-9e2d-341390f6648b.jpg?v=1695221875,out_of_stock,"28.95 AUD",,"The Creme Shop",,TCS-HKHM8651,yes,new,BODY,,,,,,,0.114,kg,placeholder,https://www.beserk.com.au/pages/privacy-policy,https://www.beserk.com.au/pages/terms-and-conditions,https://www.beserk.com.au/pages/beserk-returns,AU,AU
6910767038598,"Faux Real [Heart] | FRECKLE STAMP [Black]","freckle stamp desc",Beserk,https://www.beserk.com.au/products/faux-real-heart-freckle-stamp-black?variant=40251880996998&country=AU,https://cdn.shopify.com/s/files/1/0836/9167/files/the-creme-shop-black-heart-faux-real-freckle-stamp-2_8876745c-df21-4678-b6e0-947c0926f070.jpg?v=1696437840,out_of_stock,"23.95 AUD",,"The Creme Shop",,TCS-FFS4975,yes,new,MAKEUP,,,,,,,0.009,kg,placeholder,https://www.beserk.com.au/pages/privacy-policy,https://www.beserk.com.au/pages/terms-and-conditions,https://www.beserk.com.au/pages/beserk-returns,AU,AU
7338613571718,"Neon Drip | NAIL POLISH*","neon drip desc",Beserk,https://www.beserk.com.au/products/neon-drip-nail-polish?variant=41590300016774&country=AU,https://cdn.shopify.com/s/files/1/0836/9167/files/NeonDriplowres.jpg?v=1740550562,in_stock,"17.95 AUD","10.77 AUD","I Scream Nails",,IC-NP1481,yes,new,BODY,,,,,,,0.1,kg,placeholder,https://www.beserk.com.au/pages/privacy-policy,https://www.beserk.com.au/pages/terms-and-conditions,https://www.beserk.com.au/pages/beserk-returns,AU,AU
7383605772422,"Sunset Glow [ISN PLUS | NAIL POLISH*","sunset glow desc",Beserk,https://www.beserk.com.au/products/sunset-glow-isn-plus-nail-polish?variant=41754852786310&country=AU,https://cdn.shopify.com/s/files/1/0836/9167/files/i-scream-nails-sunset-glow-1.jpg?v=1746576490,in_stock,"19.95 AUD","11.97 AUD","I Scream Nails",,IC-PLNP064,yes,new,BODY,,,,,,,0.1,kg,placeholder,https://www.beserk.com.au/pages/privacy-policy,https://www.beserk.com.au/pages/terms-and-conditions,https://www.beserk.com.au/pages/beserk-returns,AU,AU
